"variance","kurtosis","skewness","entropy","class"
0.650607451014342,0.861944193947921,0.0732350183422416,0.594432939946521,-1
0.863749170346002,0.799922917750246,0.124139599797782,0.696865638633668,-1
0.49815023230312,0.448858172402309,0.585374600856403,0.818014033253584,-1
0.599587337315672,0.845296673115133,0.159164855487333,0.602102977542773,-1
0.338744120278187,0.978551676913118,0.25579454961047,0.0202758398841956,-1
0.298271433930684,0.228881895774321,0.736614916628139,0.697905064436358,1
0.472223905578161,0.621832985964295,0.0679375888486085,0.470948350389031,1
0.437418838195827,0.275262210614151,0.467457104215907,0.886386939825891,1
0.312245693013592,0.259928081512608,0.550906741908025,0.84193188443676,1
0.330490866591637,0.177079630454224,0.608292680819071,0.695175817768753,1
0.377947075289297,0.262098358447429,0.513807451832712,0.872999055067452,1
0.894222722419415,0.655902591984194,0.150427985637312,0.891071392669736,-1
0.692183937898595,0.613473677908452,0.305366996063656,0.823083495848328,-1
0.880840042709145,0.663569656534966,0.139690536786024,0.823603208749673,-1
0.291814561509826,0.267441729935228,0.599223101286333,0.965550171897304,1
0.431485008512971,0.545102096562356,0.152056966811129,0.735601841613221,1
0.414956857992093,0.637784521435227,0.149019370616982,0.454824182231247,1
0.747864542752431,0.549515616639289,0.293670306308953,0.822173746959127,-1
0.363042160851874,0.164847500626761,0.628657105944269,0.772258187740003,1
0.410859088679191,0.437628860193005,0.346761265679484,0.843621705301675,1
0.558544714743312,0.309638648890352,0.585599287914861,0.493958463177788,-1
0.813565925028136,0.422377051940714,0.294854234270826,0.854540702466877,-1
0.817122615646553,0.858924515523093,0.0263229530792929,0.347715072679386,-1
0.47210847545667,0.548818882906076,0.15501678671581,0.725462916423732,1
0.576621071768678,0.607898311300033,0.417991384115489,0.804364784173385,-1
0.698547023345742,0.335191788869473,0.499963272307752,0.782917127405054,-1
0.561240729518368,0.933335079533166,0.165641892037868,0.373198094050946,-1
0.469652699621966,0.506077897974533,0.205665138506609,0.824773316713243,1
0.349067901768967,0.435847736363738,0.299481923494057,0.828023281529584,1
0.405065939456901,0.951453150082134,0.222880963388972,0.0686382918836326,-1
0.711345338065968,0.622375555198,0.233876759148436,0.840111381410965,-1
0.543867053357574,0.539836929881346,0.174417650032623,0.82282313677396,1
0.415389720947681,0.425239572380607,0.422990671166169,0.830492169122821,1
0.57183505035639,0.600077830621111,0.0912272666387248,0.770698043788576,1
0.405376157908406,0.431046934109644,0.290965419797522,0.844921490178733,1
0.34831760597928,0.174602521263101,0.614216641533403,0.754060194213796,1
0.840648717282775,0.896245795088439,0.0430967061741411,0.337843543296005,-1
0.268093671543589,0.514362743080371,0.353350645759248,0.737421339391624,1
0.1846088361758,0.0277945121928403,0.963531562050356,0.477572930698245,1
0.810110235766023,0.393108248174909,0.337021945876344,0.804495466334265,-1
0.603107956021124,0.638716243774486,0.235580059887743,0.770568366875088,-1
0.39885435604421,0.241499436850554,0.566643477809993,0.906150103540481,1
0.847228234207717,0.825782889985669,0.114737310582328,0.632783127927783,-1
0.806113467809425,0.53379757303169,0.27260157367359,0.966334264862583,-1
0.610625342683173,0.829113142523583,0.134656682495582,0.584812722410985,-1
0.658492771188642,0.550677088985096,0.422027109357784,0.906662779710087,-1
0.475123365942343,0.464188559647068,0.531544766735945,0.742100765998512,-1
0.526349089544917,0.702825476057729,0.00762639727264482,0.140644162528398,1
0.873337084812282,0.523344696105101,0.234136013446656,0.904199923601198,-1
0.647158976134822,0.515369329391911,0.433468865719236,0.748470013470315,-1
0.799959599457478,0.509175032834793,0.244983645374687,0.834132169927019,-1
0.808551929125905,0.8417344254566,0.0947790505243418,0.722602987595247,-1
0.620833694052463,0.75284661754856,0.217475468062031,0.540360682764028,-1
0.781974143652786,0.54587666091668,0.316290243828667,0.885602846860612,-1
0.531382564280149,0.348662473292497,0.422917215781673,0.683216389553469,-1
0.330440365913485,0.344868230513345,0.504219363703534,0.77693771487163,1
0.690358699102531,0.797056655453569,0.207256959897681,0.516445847323026,-1
0.397772198655239,0.272938517551179,0.474119939680167,0.870398480065944,1
0.397599053473004,0.28137640459949,0.456646199980124,0.842841633325962,1
0.843094392981849,0.801008056217656,0.14143186148907,0.744960694826997,-1
0.700126973133639,0.897637765812151,0.0766744586986299,0.37982267436016,-1
0.912244250137073,0.900814602221915,0.0179576810567205,0.344990852248738,-1
0.49918044613742,0.537978723802325,0.208701006338768,0.776677757896218,1
0.143472426629729,0.298255920552897,0.711216637212498,0.74340055087557,1
0.670288286728422,0.818430141404768,0.2146249670531,0.453919459579002,-1
0.210082821112169,0.657219725572224,0.197149931081566,0.362401737067492,1
0.645463596225435,0.847309792065019,0.124325398711506,0.7066145278353,-1
0.438006088938909,0.867519560556339,0.300147342859489,0.293773497657774,-1
0.931708654373359,0.737669646431952,0.102038170874508,0.721432879631677,-1
0.644655585375004,0.802089452828282,0.232025683459144,0.469902893101992,-1
0.579841572158255,0.806658259961758,0.213180920612013,0.515139025714228,-1
0.680554353158457,0.524196342709179,0.434838592594833,0.927069301755162,-1
0.812296193691744,0.557723753681052,0.256571880414634,0.879237620378375,-1
0.208748160332439,0.619202460645021,0.254869011765824,0.710253523392107,1
0.246277378581941,0.664886790122995,0.209885798481634,0.390096302700094,1
0.298487865408478,0.492759881308303,0.337912052300234,0.921098132250347,1
0.707175424927135,0.540146755623075,0.40466571318697,0.754060194213796,-1
0.253830837156956,0.622996703424173,0.232062843241889,0.66112105189087,1
0.692883733010129,0.64684355670971,0.251907031408658,0.741710730010656,-1
0.758837618676594,0.359581211388715,0.376640323549364,0.774727879531153,-1
0.757553458575015,0.915291846119882,0.0781565291034555,0.369559098494139,-1
0.363013303321502,0.496863575643506,0.282971745602399,0.948913327569915,1
0.248672553602863,0.269454848885114,0.680153651380745,0.766148294095177,1
0.545003318615993,0.525047989313257,0.189041752904728,0.879237620378375,1
0.658860704700892,0.608051727428184,0.309108899767967,0.778497557248839,-1
0.839883992727902,0.362832884934162,0.344574887764493,0.814764068437242,-1
0.470972210198251,0.622686129311087,0.147131135144945,0.555308711473894,1
0.612248578766629,0.650327225375776,0.0501311394658498,0.622117453105209,1
0.860062620840909,0.575220676003847,0.225361516724063,0.947485876274151,-1
0.477357660231437,0.624235258019735,0.148207040482559,0.560767204809103,1
0.320643234352004,0.47588186209761,0.393669010037462,0.860780273025191,1
0.444622399215075,0.51413044861121,0.216660977475122,0.838681919620418,1
0.655282370934695,0.591329369459713,0.31940129540731,0.774207965580329,-1
0.753585548148789,0.717613294068783,0.116366291756145,0.692185206779388,-1
0.630190748275763,0.624235258019735,0.350870446306274,0.793706146082551,-1
0.768656393385854,0.37522217274656,0.347539028574145,0.71103359536782,-1
0.338599832626324,1,0.369195404285474,0.185236936810149,-1
0.761261651227888,0.896631206337209,0.0406165067211677,0.282203100182955,-1
0.80136640406314,0.801240051338275,0.13539555724551,0.665021411769437,-1
0.353728392924134,0.574060700400753,0.221733244610751,0.607169424395344,1
0.347372521859579,0.506464805966017,0.24957460690567,0.78824664749995,1
0.1381409978934,0.316609728079268,0.674082779897422,0.675938398439856,1
0.625991977606556,0.64816069029774,0.285711199353593,0.746000120629687,-1
0.353208957377428,0.509097576399361,0.282453237005959,0.761599549649169,1
0.477588520474418,0.527525846875737,0.210848496109025,0.746390156617544,1
0,0.863104169551015,0.232544192055584,0.326273145821187,1
0.641762617955155,0.635385991236571,0.218475325472167,0.756269727980056,-1
0.535033041872277,0.541929376195056,0.258091974783199,0.737942057540361,-1
0.835504862493868,0.823227201802078,0.120955092834643,0.623032228231368,-1
0.640182668167258,0.744715562756551,0.261681350542058,0.838162206719074,-1
0.250216431477794,0.208050979056828,0.661050930506885,0.8798880154406,1
0.605503131042045,0.673867246405011,0.317586515319769,0.814893745350731,-1
0.647288835021499,0.820907250595891,0.224361910358506,0.555570075795653,-1
0.633307361555998,0.335423783990092,0.580301858421228,0.574941193027604,-1
0.310939889764234,0.662099106818786,0.204110044807785,0.416996722893504,1
0.82902634692523,0.608826291782508,0.269935575306892,0.880017692354088,-1
0.473389749805212,0.352613874056584,0.311364412162483,0.858179698023684,1
0.457316105387701,0.449243583651079,0.210478194553067,0.770178330887231,1
0.837178599255476,0.634843422002866,0.134397428197362,0.812423852510103,-1
0.21780942486942,0.204335315270143,0.763529833688368,0.638110939102113,1
0.561818601564078,0.58706739458254,0.0910025795802673,0.761989585637025,1
0.899950942198367,0.869607516641908,0.011847921428664,0.388538169243451,-1
0.623207225925605,0.7445621466284,0.248242039812818,0.830752528197189,-1
0.487575390298098,0.821756652085898,0.0899655623873864,0.52852892096745,-1
0.498477765272848,0.472319614439077,0.184265856641015,0.84076177647319,1
0.179154762935388,0.044442033025628,0.892595265152334,0.631999034962504,1
0.373560730672669,0.81045250274091,0.153461260926488,0.597810571181568,-1
0.563764320549447,0.763918771772929,0.176007743061707,0.676330444922495,-1
0.571439702190287,0.761980489958727,0.249500719430678,0.738201411367338,-1
0.227036620206043,0.22229996969096,0.649721517674662,0.830362492209333,1
0.555260727786916,0.904066275767361,0.164756106518949,0.389050845413056,-1
0.823969064727441,0.400386159620127,0.356828974260369,0.910693821749533,-1
0.282017429948345,0.249245080393793,0.717512195754279,0.774207965580329,1
0.312642484056215,0.576462972456192,0.26149598371883,0.773427994129355,1
0.452952846795371,0.610222004363005,0.0937420333314609,0.65566255855566,1
0.536933310247309,0.56585480847306,0.16271663937295,0.726372665312933,1
0.217484777652729,0.20464588938323,0.767863701373616,0.6308329479885,1
0.534785588549332,0.484552492637897,0.259311766256325,0.85753030820885,1
0.373236083455978,0.483623389598387,0.335025687780049,0.792406260680753,1
0.510901220673535,0.767323861446527,0.271642332770175,0.688805565049559,-1
0.521398580209506,0.856989975565675,0.0644203722027542,0.197320010454573,-1
0.728912359680259,0.350290180993613,0.390596846603553,0.700504634190474,-1
0.203835165786512,0.0486254289103339,0.872230840027135,0.643046703793804,1
0.642282053501861,0.806347685848672,0.21506915608405,0.484720239650978,-1
0.774139324156639,0.367633687188257,0.409552656708421,0.898992742113834,-1
0.554884858453814,0.709253986012939,0.271491101096214,0.740281268220109,-1
0.822468473148068,0.399226184017033,0.328025821728103,0.861559339753513,-1
0.323932992814475,0.631745164585571,0.189412054460686,0.477442248537365,1
0.743485412518397,0.643281309051177,0.234320948179387,0.775897786445244,-1
0.632131417193317,0.348119904058792,0.580634568103944,0.600936890568769,-1
0.545109370040112,0.39326166430306,0.358868441406368,0.683606425541326,-1
0.158514414336421,0.765157326368491,0.214883789260823,0.121413779931241,1
0.478908031050703,0.739061617155665,0.285486512295135,0.665795452260801,-1
0.344032262718957,0.638716243774486,0.127881503502093,0.534902189428818,1
0.294822959051164,0.205805864986324,0.668897693933017,0.899515470757353,1
0.616562779557326,0.516840488387147,0.494704730958852,0.752110014274513,-1
0.758729402937697,0.87835971966009,0.0631629888563861,0.437021250929854,-1
0.566326147808271,0.857996535040618,0.132509192725324,0.362281107380526,-1
0.784549678238536,0.746807260698904,0.137059105659089,0.779277428175074,-1
0.93228580498081,0.73519253724083,0.103667152048325,0.752370373348881,-1
0.488403601419791,0.491211500971012,0.207220232205433,0.872218983091739,1
0.686765936571148,0.762912212297987,0.191114923109496,0.691275457890187,-1
0.463306207254783,0.51196241679046,0.211625826913189,0.833092744124329,1
0.417186102213373,0.922494920429415,0.308810757325014,0.347976437001146,-1
0.553959974605373,0.632441149947427,0.410883495439285,0.847650736846338,-1
0.381027616656567,0.512349586711918,0.192632857025575,0.745350730814853,1
0.403550919112342,0.638559085789551,0.140243612622228,0.436890568768974,1
0.392195480910744,0.15679502482722,0.631729269378179,0.790846418303545,1
0.680179205263614,0.685867381111855,0.0098127751876353,0.491224190273226,1
0.704556604045826,0.622764708303554,0.247464276918158,0.833872816100042,-1
0.380955472830635,0.962368146321568,0.359088807559855,0.290265184261847,-1
0.78009840417857,0.88130081909245,0.0565347206318892,0.427531715555198,-1
0.640262026375783,0.742238453565428,0.249019370616982,0.834132169927019,-1
0.29363980030589,0.128996770777595,0.604922374942208,0.570126058022879,1
0.307628488153984,0.638016516555845,0.184969299970186,0.466394579706066,1
0.567722852278302,0.797520645694807,0.253462125107483,0.689585637025272,-1
0.451749487778836,0.445142508615625,0.329175182450212,0.896399203844066,1
0.804829307707846,0.924197465266214,0.0571655727575584,0.362401737067492,-1
0.342712030704412,0.311498351712087,0.476155085921195,0.871309234202537,1
0.429703056012466,0.597675558565671,0.113626838004952,0.654355736946863,1
0.291201338989409,0.172742818441367,0.639169867737099,0.709214097589417,1
0.722202983868641,0.850640044602933,0.0999641364887462,0.678280624861779,-1
0.572210198251234,0.693998435903864,0.0161083337294163,0.22059148756509,1
0.488104925980435,0.637631105307075,0.071714059792683,0.472114437363035,1
0.651970969324445,0.585132854625122,0.339839175917004,0.830232815295844,-1
0.792312353908753,0.771739252451852,0.158646346890893,0.726502342226422,-1
0.703907309612443,0.855208851736409,0.0823045978749789,0.685296246406241,-1
0.572249155917237,0.806347685848672,0.106665860097739,0.588069723959066,-1
0.863604882694139,0.605574618237062,0.217771882142996,0.945917690343594,-1
0.454012639598303,0.503058219549705,0.20688709043222,0.8060546050383,1
0.718530863128733,0.741617305339255,0.220548495676935,0.723642413397937,-1
0.803220500389577,0.532945926427612,0.297407889108295,0.874688875932367,-1
0.328463625082965,0.236623797460776,0.523360972722127,0.717792878827479,1
0.603324387498918,0.554008089894367,0.469790392899889,0.741061340195822,-1
0.487576833174617,0.821756652085898,0.0899655623873864,0.52852892096745,-1
0.767906097596168,0.77197124757247,0.175156524782551,0.810994390719556,-1
0.79375523042738,0.662099106818786,0.255868437085463,0.816453889302157,-1
0.626006406371743,0.674409815638716,0.0135503579869768,0.515008343553348,1
0.602740022508874,0.586528567205619,0.0823045978749789,0.78915649691389,1
0.559758173895478,0.513356146186861,0.470382356880825,0.64681638151149,-1
0.553555969180158,0.710028550367263,0,0.167293270873962,1
0.359413326407526,0.108708423293807,0.635540307562016,0.640714529845795,1
0.561625977548841,0.787612208930315,0.275081773126564,0.728452522165705,-1
0.452230687097798,0.644830437759825,0.0767133468433629,0.438056655742978,1
0.25797910714801,0.616029366092042,0.232358825232357,0.679838758318422,1
0.40943064092575,0.9155238412405,0.298924526752883,0.490832143790587,-1
0.0460638328571841,0.756640860327712,0.272195408606379,0.117382737891795,1
0.289751248088189,0.490204567310391,0.342280487225244,0.868839341361909,1
0.665490722303985,0.617731910928841,0.282747058543941,0.764199119403285,-1
0.520146884829596,0.809835096371522,0.236986946546085,0.401797382335793,-1
0.788308371569561,0.434841176888796,0.33902252487761,0.893664930939504,-1
0.78871959137737,0.336119769351948,0.372086089710629,0.728582199079193,-1
0.548200732981271,0.552844372434489,0.127177195991929,0.78200721767627,1
0.788770092055522,0.792877001425647,0.146539171164009,0.796695751824524,-1
0.780271549360806,0.611767391214869,0.281969295649281,0.839461991596132,-1
0.480930222491559,0.307546950947999,0.431692973776428,0.938127023060375,1
0.214158947277292,0.608747712790041,0.259755955287275,0.67164599207865,1
0.620703835165787,0.812001631449558,0.222917993544568,0.56453688252679,-1
0.324250425648573,0.490746762358418,0.341355813561592,0.902762419831521,1
0.430121490202868,0.279209869521454,0.456758543509353,0.863509519692796,1
0.438805442530228,0.589548245630447,0.125288960519891,0.662417821025754,1
0.468699679681413,0.789546748887733,0.245502153971128,0.63642212348459,-1
0.797124347098375,0.895082077628561,0.0552773372855211,0.373198094050946,-1
0.467486220529247,0.63561798635719,0.0824169414042077,0.501497818613161,1
0.684579978645428,0.626326955962088,0.234024966188919,0.77693771487163,-1
0.337164170490289,0.511420521090976,0.308923100854243,0.896791250326705,1
0.218877153493204,0.0102975898700453,0.989189095764217,0.448853012726432,1
0.387578276051136,0.464188559647068,0.311662554605437,0.8351726009771,1
0.680864571609962,0.576073819350638,0.356349353808662,0.854670379380365,-1
0.731913542839004,0.631823743578038,0.260311623666461,0.82620277850379,-1
0.451470291172481,0.642663902681789,0.0747516559868299,0.425058806972396,1
0.678743543127579,0.795664684729857,0.226064951843514,0.607561470877983,-1
0.575147894843159,0.847852361298724,0.152648930792065,0.615754237117755,-1
0.354615761983089,0.513278727169996,0.309588520219675,0.918625223667545,1
0.460012120162756,0.394657376883557,0.389819083708892,0.901596332857516,1
0.518759559056936,0.519782822632247,0.152683498031828,0.842451597338105,1
0.516101780509624,0.750212350372502,0.158421659832435,0.53385673214178,-1
0.604327186679364,0.669994424633392,0.0222137724525025,0.521381612014717,1
0.424689060110236,0.563841689523175,0.558126974113458,0.845570879993567,-1
0.839595417424177,0.725901506845727,0.133619665302701,0.802025573493637,-1
0.637051626121837,0.473558169034638,0.292149347759395,0.756399404893544,-1
0.589277984590079,0.663723072663117,0.372194112334887,0.867408874323971,-1
0.757589530487981,0.36879366279135,0.397112771298821,0.818923782142785,-1
0.568627535855482,0.645683581106617,0.0684949855897819,0.642272663302439,1
0.693886532190575,0.880372838609975,0.0881896704445779,0.481473290576811,-1
0.22123625660116,0.653114908679985,0.199445195801809,0.379179316029675,1
0.387318558277783,0.247695951685145,0.566418790751535,0.8798880154406,1
0.379353879894959,0.547347584818539,0.533467569447745,0.785386919720943,-1
0.591637087698035,0.65791571093408,0.0118868095733971,0.371378596272543,1
0.208387441202782,0.781883426193746,0.221770274766347,0.137527895615111,1
0.0603194528612241,0.840185296747952,0.225768771091417,0.41037214258429,1
0.347812599197761,0.96298929454774,0.22876763469341,0,-1
0.511382780711627,0.779249159017688,0.136618373352115,0.46588190353646,-1
0.0839321270885638,0.858692520402474,0.213514062385226,0.175224672791974,1
0.316603180099847,0.894696666379791,0.167862837192622,0.232674561209514,-1
0.662929616483421,0.284628078144937,0.574637152005116,0.748079977482458,-1
0.198229590511644,0.221136252231082,0.736913059071092,0.591839401676753,1
0.351311574755432,0.574988680883228,0.227323761088522,0.613934739339351,1
0.527022912879116,0.701976074567722,0.00281290913568939,0.140131486358793,1
0.355705133754653,0.559579714646002,0.202333288683982,0.699465208387784,1
0.869686607220154,0.837087039330657,0.0984474988441579,0.653843060777257,-1
0.451364239748362,0.636313971719046,0.083561981221347,0.470948350389031,1
0.363590453928953,0.159889540387731,0.643724101575834,0.769658617985886,1
0.393090064352293,0.268137715297085,0.4760816305367,0.814374032449386,1
0.674039765676853,0.647696700056502,0.250241322542593,0.824773316713243,-1
0.447367471791764,0.545489378739518,0.154463710879607,0.763289370514084,1
0.379959888032782,0.643823878284883,0.172901012388035,0.543476949677316,1
0.226610971633048,0.666510755967326,0.21232927024236,0.563109431231026,1
0.38250656508816,0.590861637361692,0.560754084335423,0.876638050624259,-1
0.63618590021066,0.774216361642974,0.170308469405832,0.624198315205372,-1
0.463643118921883,0.365620568238371,0.305185518054901,0.843100987152938,1
0.922142383054858,0.896320632224122,0.0185885331823897,0.346679667866262,-1
0.669444203965025,0.360355775743039,0.451500002160453,0.742231448159392,-1
0.333766196288922,0.655438601742957,0.207997563009597,0.65240555700758,1
0.700971055897036,0.632673145068046,0.240096701853236,0.841411166288023,-1
0.24202089285199,0.63600339760596,0.195409902650011,0.44079092864754,1
0.661046662626612,0.772745811926794,0.244724823166964,0.55920907135246,-1
0.119087813464924,0.856679401452589,0.207256959897681,0.187699792919037,1
0.853389316942256,0.579246913903617,0.223140131269093,0.932658477251252,-1
0.354392116122702,0.257297556193334,0.467310193446916,0.735211805625364,1
0.763296107119153,0.561749991580822,0.311662554605437,0.999215907034721,-1
0.595987360401697,0.843826123398953,0.129730850829398,0.701545065240556,-1
0.843548899085216,0.801240051338275,0.120622383151927,0.658125414664549,-1
0.469344645485239,0.511730159739866,0.215957534145952,0.887422344639016,1
0.649373791590916,0.774990925997298,0.250315210017586,0.849340557711253,-1
0.577304995238508,0.829423716636669,0.166566565701521,0.635256036510585,-1
0.414257062880559,0.615408217865869,0.189041752904728,0.578318824262651,1
0.489733212131706,0.508710294222199,0.437392247432302,0.798125213615071,-1
0.684284188959109,0.278977874400835,0.569456386945682,0.803325358370695,-1
0.845013418751623,0.388539441041434,0.376156382192686,0.931100343794608,-1
0.771549360805702,0.728146620916231,0.151240315771735,0.758739620820684,-1
0.18265373849306,0.297870509304127,0.695778043753484,0.729491947968395,1
0.661436239286642,0.439024572773502,0.335876906059205,0.776417700396068,-1
0.538532017429948,0.479829146819235,0.179006451111121,0.814893745350731,1
0.80888379072519,0.89934031064895,0.0587945539313754,0.349795934779549,-1
0.668362046576054,0.668602453909679,0.0178107702877291,0.570387422344639,1
0.405953308515857,0.435847736363738,0.220881637450148,0.763289370514084,1
0.782623438086169,0.895007240492877,0.0505373045330614,0.323930919399264,-1
0.592841889591089,0.829113142523583,0.136506029822886,0.691796176038923,-1
0.777739301070614,0.545102096562356,0.266790388578984,0.883914031243089,-1
0.710241537529218,0.938367876907879,0.0810817817683736,0.33835621946561,-1
0.442137765849999,0.219665702514902,0.518361685671447,0.816973602203502,1
0.618416875883762,0.858767357538158,0.127211763231691,0.708694384688072,-1
0.389417943612386,0.641036194980673,0.150613784551036,0.424284766481031,1
0.667236602891525,0.296863949829184,0.561052226778377,0.696865638633668,-1
0.373560730672669,0.81045250274091,0.153461260926488,0.597810571181568,-1
0.658572129397166,0.260549229738781,0.591078195417248,0.722083274693902,-1
0.803047355207341,0.40433381852743,0.32773200019012,0.858440057098052,-1
0.779838686405217,0.785056520746725,0.152722386176561,0.687376103259012,-1
0.794563241277811,0.52791275486722,0.322879623908431,1,-1
0.351427004876923,0.628414912047656,0.121102003603635,0.538933231468264,1
0.80111390067238,0.405497535987308,0.320399424455458,0.832962061963449,-1
0.448436643292067,0.539759473445913,0.204258251848267,0.729622630129275,1
0.543395232735982,0.897948339925238,0.17797375482321,0.378917951707915,-1
0.596095576140594,0.548896339341508,0.474119939680167,0.770958402862944,-1
0.0204744177993248,0.845296673115133,0.222695855820043,0.408160598323247,1
0.917481891899691,0.807047413067312,0.1093664257042,0.689585637025272,-1
0.372132282919228,0.268912279651409,0.434877480739566,0.780447335089165,1
0.752568320203157,0.55834116005044,0.317845769617989,0.992329962403748,-1
0.150795024961764,0.649013833644531,0.261126114253369,0.632260399284264,1
0.387607133581508,0.638405669661399,0.127285218616187,0.55920907135246,1
0.616404063140277,0.588695102283655,0.0932235247350205,0.77030800780072,1
0.489780827056821,0.587841958936864,0.118660692295394,0.701674742154044,1
0.310406025452342,0.532403731379585,0.330765275479296,0.804495466334265,1
0.250533864311892,0.201701048094085,0.76086383532167,0.653712378616377,1
0.606022566588751,0.336662338585653,0.589116504560715,0.593266852972516,-1
0.743571985109514,0.77475893087668,0.180194699977963,0.80618528719918,-1
0.254696563068133,0.0451417602442684,0.880449201280716,0.707004563823157,1
0.685633278504026,0.567478774317392,0.299369579964828,0.824253603811898,-1
0.701562635269674,0.740610745864313,0.205220949475658,0.712983775307103,-1
0.336832308891005,0.499031607464256,0.298483794445909,0.739371519330907,1
0.620905837878394,0.811459062215853,0.237912484390731,0.561933291783108,-1
0.61208986234958,0.332789516814033,0.585858542213081,0.570648786666399,-1
0.363907886763051,0.951453150082134,0.340059542070491,0.258810993385472,-1
0.64133696938216,0.745336710982724,0.269343611325956,0.577534731297372,-1
0.450862840158139,0.873326922285376,0.0617543738360562,0.0283379239630873,-1
0.367255360286267,0.935269619490584,0.307812628276866,0.436759886608094,-1
0.570207485643379,0.723577813782755,0.297814054175507,0.76575825810732,-1
0.822425186852509,0.532713557121315,0.287080926229189,0.98569532962062,-1
0.797759212766571,0.414324576141173,0.333210907692507,0.81944349504413,-1
0.836933310247309,0.379633821895101,0.349314920516953,0.810474677818211,-1
0.769435546705913,0.545799204481248,0.295705452549982,0.860649590864312,-1
0.621612847372522,0.339218026769243,0.567529263328912,0.626932588109934,-1
0.527350445848844,0.697871257675484,0.0128114832370492,0.197581374776332,1
0.227527198222376,0.698645822029808,0.185487376476129,0.271939524316934,1
0.574704931751941,0.373287632789143,0.425989379215583,0.752890086250226,-1
0.529334401061957,0.521873398017564,0.149576767358156,0.831792959247271,1
0.755511788301157,0.540146755623075,0.316290243828667,0.972828163010917,-1
0.797759212766571,0.433370627172616,0.331875748056673,0.897303926496311,-1
0.548798083859983,0.514441696258517,0.279044042984363,0.726110295743782,-1
0.587351744437711,0.79388356090059,0.243132569685395,0.477703612859125,-1
0.406862320722593,0.153539609424989,0.634356379600143,0.747560264581113,1
0.384526592214238,0.639180234015723,0.126732142779984,0.561681979935262,1
0.803148356563645,0.896631206337209,0.0554631361992456,0.362150425219647,-1
0.52924782847084,0.782268837442516,0.211774033953671,0.663714590160638,-1
0.709873604016968,0.85536226786456,0.0798978538065012,0.679838758318422,-1
0.863042160851874,0.721022125599165,0.118327982612678,0.731701481734655,-1
0.538936022855164,0.72264983330028,0.313218080394758,0.741971089085024,-1
0.498834155772949,0.844907520009579,0.266235152290296,0.357727336697561,-1
0.847531238276628,0.593031914296512,0.213698997117956,0.907054826192726,-1
0.822785905982166,0.877274581192679,0.0542403200926402,0.464705764088542,-1
0.780466337690821,0.407432075944725,0.322845056668669,0.766798689157402,-1
0.270611491068594,0.666435918831643,0.205776185764346,0.599378757112125,1
0.504169335988226,0.494386092266705,0.559012759632377,0.828152958443073,-1
0.275055550745967,0.619898446006878,0.239319371049073,0.696085566657955,1
0.789729604940409,0.742313290701112,0.119364999805559,0.714023201109793,-1
0.574512307736704,0.868294124910663,0.196742469742863,0.614457467982871,-1
0.78331601881511,0.524041429838314,0.312366862115601,0.989334325177426,-1
0.796164834213488,0.549206165083238,0.275898424165957,0.952421640965842,-1
0.638970651891611,0.768177004793319,0.225805796926108,0.822303423872615,-1
0.612804086226301,0.512194711259621,0.405923096533338,0.842061561350248,-1
0.434652122471359,0.508245929795283,0.186227979588045,0.782917127405054,1
0.251450090901221,0.586296572085,0.233432570117485,0.537244415850741,1
0.629187949095317,0.842740984931543,0.170753522617777,0.643308068115563,-1
0.633855654633077,0.508787750657631,0.449313624245462,0.912513319527936,-1
0.486930424494272,0.634300852769161,0.0708282742737639,0.461981543657894,1
0.705054396444752,0.327060734077464,0.513180920612013,0.72442248537365,-1
0.780033474735232,0.783971382279315,0.159717931323536,0.82295381893484,-1
0.574704931751941,0.373287632789143,0.425989379215583,0.752890086250226,-1
0.737677834530921,0.387611460558959,0.345244628034896,0.762248939464002,-1
0.716626266124145,0.541850048831231,0.324322806168524,0.970224572267235,-1
0.297420136784694,0.160974678855141,0.64738822899068,0.722083274693902,1
0.378596369722679,0.277814156940957,0.46801018005211,0.825422706528076,1
0.177430525495628,0.644519863646739,0.254202728219398,0.687376103259012,1
0.733998499408421,0.361594330338601,0.422843760397178,0.88209754920686,-1
0.157345684356333,0.294461677773745,0.699887224380274,0.699984921289129,1
0.298725940034052,0.0655797819994237,0.740205588658489,0.505649490339573,1
0.715984186073356,0.532094279823534,0.423733866821067,0.758089225758459,-1
0.515591723660289,0.58923767151736,0.0798978538065012,0.717013812099158,1
0.317995555940323,0.522105767323861,0.302960251995178,0.880407728341945,1
0.277674371627276,0.231901574199149,0.73817044241746,0.72442248537365,1
0.467697601939226,0.218891138160578,0.515548776535758,0.85739962604797,1
0.855928779615041,0.805730279479283,0.119550798719284,0.659814230282072,-1
0.560846102790523,0.696943277193009,0.0180311364412162,0.213052132129717,1
0.225031021845151,0.615097643752783,0.259459973296807,0.704014958081184,1
0.791100337633105,0.406272100341632,0.320991388436394,0.813593960473672,-1
0.535228551640551,0.770268702735671,0.303703447650076,0.721042843643821,-1
0.282847083946556,0.19248859669145,0.676489523965899,0.880278051428456,1
0.375299396877615,0.268755121666473,0.469198428918953,0.837901847644705,1
0.46464447522581,0.60820888541312,0.101480774133334,0.692315888940268,1
0.406840677574813,0.639565645264493,0.165196838825924,0.582088501980337,1
0.450863561596399,0.873326922285376,0.0617543738360562,0.0283379239630873,-1
0.699578680056561,0.633915441520391,0.310145916960848,0.801375178431412,-1
0.811603612962803,0.410373175377086,0.312293406731106,0.850380988761334,-1
0.848764897700055,0.594191889899606,0.213143760829268,0.939685156517019,-1
0.507540097538453,0.520557012800892,0.216883071990598,0.783437081565773,1
0.725810175165209,0.390473980998851,0.337134289405573,0.727542773276503,-1
0.837265171846593,0.348662473292497,0.362644912350443,0.783047115945234,-1
0.653110841774161,0.505922985103668,0.448795115649022,0.890810028347977,-1
0.877882145845959,0.514207905046642,0.239467145999058,0.894710388226543,-1
0.813941072922979,0.560200862872174,0.254165568436653,0.877808158587828,-1
0.763736184457334,0.837786766549297,0.0836743247505758,0.661895092382235,-1
0.777104435402418,0.874254902767852,0.0567205195456136,0.44598805766099,-1
0.695957059994806,0.815021309874386,0.215180203341788,0.6056112909387,-1
0.581472022624304,0.773595213416802,0.138688086832906,0.509941896700778,-1
0.570265200704124,0.898644325287094,0.160940747430142,0.37969199219928,-1
0.315117017285661,0.124274547515968,0.61917704043935,0.608476246004142,1
0.511180489423715,0.745258131990256,0.302407176158975,0.710123846478618,-1
0.221986552390846,0.666125344718556,0.209885798481634,0.391001025352339,1
0.374808818861282,0.920635217607681,0.345019940976438,0.471983755202155,-1
0.379844457911292,0.112502666072959,0.666901435836722,0.681658256096825,1
0.528929674198482,0.69818183178857,0.00289068542515546,0.156114919881783,1
0.603937610019335,0.744330151507781,0.245464994188383,0.832702708136472,-1
0.743672986465818,0.582113176200294,0.316808752425108,0.844271095116508,-1
0.620400831096875,0.548896339341508,0.140243612622228,0.848430808822051,1
0.21953366230918,0.733643408532182,0.249019370616982,0.286234142222401,1
0.713408651487606,0.852496005567883,0.0628648464134328,0.447154144634995,-1
0.422474244654143,0.946031199601866,0.232099570934136,0.0970968455336859,-1
0.347033445877702,0.984591033762774,0.352572882864587,0.428185126359597,-1
0.394936946296136,0.432596062818292,0.40940574593943,0.810734031645188,1
0.871612847372522,0.661167384479526,0.163567857652107,0.869359054263254,-1
0.548720889966237,0.800850898232721,0.293445619250496,0.458593859948933,-1
0.789866678209679,0.62663378821839,0.26549454917838,0.843491023140795,-1
0.407129252878539,0.573982121408285,0.55109254082175,0.861429662840025,-1
0.794556026895218,0.932635352314526,0.0556835023527328,0.345895574900983,-1
0.490782904799007,0.636624545832133,0.0928562478125419,0.503317316391564,1
0.202226358468242,0.699341807391664,0.204110044807785,0.247753272080259,1
0.648140132167489,0.336740917578121,0.593817649168442,0.59495566859004,-1
0.232959628315009,0.212387791069685,0.665121222988943,0.848040772834194,1
0.633343433468964,0.653193487672453,0.051980486793154,0.609642332978146,1
0.518297838570975,0.812697616811414,0.271789243539167,0.446772150626269,-1
0.732858626958705,0.397987629421472,0.308590391171527,0.744960694826997,-1
0.842841889591089,0.909484484390845,0.0272519476479154,0.359808198797724,-1
0.261745014861628,0.697175272313627,0.19215150821188,0.293381451175134,1
0.71114333535336,0.788929342518344,0.190004450532119,0.593789581616036,-1
0.74140045594898,0.376614143470273,0.453535148401481,0.824122921651018,-1
0.290761261651228,0.057452469064199,0.741946913361534,0.565451657652948,1
0.548798083859983,0.514441696258517,0.279044042984363,0.726110295743782,-1
0.791605344414625,0.895624646862266,0.0601642808069722,0.378787269547036,-1
0.35790552044556,0.563141962304535,0.197631279895261,0.655531876394781,1
0.577459383026001,0.784435372520552,0.28067302415818,0.535676229920183,-1
0.531382564280149,0.348662473292497,0.422917215781673,0.683216389553469,-1
0.132131417193317,0.786991060704143,0.228434449711148,0.0487444460081627,1
0.525549735953597,0.801393467466426,0.268086227979588,0.694785781780896,-1
0.765691282140074,0.605189206988292,0.307073753526939,0.856230523331792,-1
0.658629844457911,0.826172043091223,0.226361149879231,0.453658095257243,-1
0.680835714079589,0.865581278742137,0.080342907018446,0.445596011178351,-1
0.41186910224223,0.870771234101786,0.330838730863792,0.252960453567623,-1
0.66456006694947,0.485094313500245,0.445835295744341,0.714283560184161,-1
0.170252214815456,0.303445875912545,0.699334148544071,0.748990731619051,1
0.360921132369492,0.46263943093842,0.27541880371425,0.819313818130642,1
0.0629959888032783,0.841270435215363,0.216031853711441,0.417258087215264,1
0.438430294635385,0.518776225738736,0.494151655122649,0.633557168419148,-1
0.54429125905405,0.533255377983663,0.139802880315253,0.840632099559702,1
0.659560499812426,0.799922917750246,0.204739600661963,0.597036530690203,-1
0.415346434652123,0.595355607359484,0.204813488136955,0.642141981141559,1
0.377442068507777,0.26039581361063,0.514956812554822,0.900038199400872,1
0.738860993276195,0.840495870861039,0.0999252483440132,0.704014958081184,-1
0.479938244885003,0.476188694353912,0.573267425129519,0.832442349062104,-1
0.248521051568407,0.28230812693875,0.667787221355641,0.66657954522608,1
0.361289065881742,0.659311423514577,0.197964421668474,0.664498683125917,1
0.455640204311315,0.262483769696199,0.47774949985525,0.84531152616659,1
0.844465125674545,0.564380516900096,0.227768036537572,0.97451697862844,-1
0.32854298329149,0.242042006084259,0.520880773269153,0.723252377410081,1
0.50981293105936,0.476035278225761,0.285970453651813,0.860390237037335,1
0.791980492309468,0.392255104828118,0.362234426378261,0.891845433161101,-1
0.33909762502525,0.962910715555273,0.358609187108148,0.235408834114075,-1
0.724129224021008,0.732868844177858,0.12899197607947,0.715713021974708,-1
0.598649467578565,0.681145157850228,0.167754814568363,0.606526066064858,-1
0.382665281505209,0.16802059517974,0.558904737008119,0.610034379460785,1
0.615098259890918,0.643670462156731,0.0512027238984933,0.639277026076117,1
0.703957810290595,0.77917058002522,0.199963704398249,0.824643639799755,-1
0.460185986783251,0.410530333362021,0.385744470321864,0.882877621182573,1
0.867486220529247,0.784977941754257,0.0834496376921182,0.665926134421681,-1
0.626309410440654,0.809524522258435,0.187523818988649,0.425058806972396,-1
0.356873863734742,0.92048180147953,0.327360402362671,0.438840748708257,-1
0.887253628834444,0.664422799881757,0.158088950149719,0.884175395564848,-1
0.48163362479439,0.669377018264003,0.359940025839012,0.745221053901365,-1
0.0441303783222232,0.872009788697347,0.226361149879231,0.0938498964595187,1
0.22480016160217,0.667749310562887,0.215143043559043,0.569995375862,1
0.443129743456555,0.635075417123485,0.146651514693237,0.486549789903295,1
0.531039159668716,0.892062399203733,0.173600998993229,0.367608918554856,-1
0.252539462672784,0.526751282521413,0.253758107097951,0.752890086250226,1
0.486092113236949,0.608051727428184,0.0978555348632218,0.716103057962565,1
0.885832395463596,0.927991708045366,0.0372850889890379,0.370333138985504,-1
0.85447868871382,0.598914113161233,0.213995411198922,0.93877038139086,-1
0.398875999191989,0.587303131559943,0.53417187695791,0.872218983091739,-1
0.617782010215566,0.306308396352438,0.599408900200058,0.609511650817266,-1
0.457797304706663,0.496631580522887,0.210070733214364,0.830362492209333,1
0.639050010100136,0.27309193367933,0.573267425129519,0.740540622047086,-1
0.713682798026145,0.774216361642974,0.191078195417248,0.831272241098534,-1
0.654957723718004,0.561903407708973,0.407590965851888,0.873518767968797,-1
0.522766427149165,0.498102504424746,0.559237446690835,0.874038480870142,-1
0.614448965457536,0.801161472345807,0.104924535394693,0.678662618870504,-1
0.84266153002626,0.389160589267606,0.337613909857281,0.838162206719074,-1
0.870660548870228,0.822299221319603,0.111924401446639,0.678662618870504,-1
0.584480420165642,0.828495736154194,0.164864129143208,0.616658959769999,-1
0.284087957752576,0.123963973402882,0.61303271357153,0.547115945234122,1
0.647801056185612,0.75470257851351,0.229360030764843,0.841022135547558,-1
0.376424840562145,0.177233046582375,0.61495551628333,0.77030800780072,1
0.247828470839466,0.270693403480675,0.680080195996249,0.73339130259957,1
0.340179782414221,0.633836862527924,0.182156390834496,0.509680532379018,1
0.78478775286411,0.890359854366934,0.0408757610193879,0.288445686483444,-1
0.883011571869679,0.646768719574027,0.171198575829722,0.884436759886608,-1
0.547989351571293,0.503754953282918,0.233284363077003,0.827502563380848,1
0.588188612818515,0.839025321144859,0.183784507827319,0.60054484408613,-1
0.594782558508643,0.667827889555355,0.0195477740858046,0.519954160718953,1
0.796943987533547,0.914131870516788,0.0465404674354997,0.273497657773578,-1
0.297362421723949,0.667053325201031,0.205627978723864,0.377229136090392,1
0.827193893746573,0.427409849315427,0.299036870282112,0.874038480870142,-1
0.792810146307679,0.427256433187276,0.328177053402065,0.831142564185046,-1
0.436542290710761,0.266124596347199,0.477045192345085,0.837511811656849,1
0.515995729085505,0.635928560470277,0.0771584000553076,0.496552001447556,1
0.481295991689031,0.623614109793562,0.06782956622435,0.474979392428477,1
0.535033041872277,0.541929376195056,0.258091974783199,0.737942057540361,-1
0.202832366606066,0.749980355251883,0.232210618191874,0.225135205774141,1
0.129555882607567,0.763297623546756,0.21677202473286,0.092945173807274,1
0.571334372204427,0.540069299187643,0.485043187445179,0.739111160256539,-1
0.249783568522206,0.662948508308793,0.221955382335276,0.569472647218481,1
0.796547196490924,0.53255864425045,0.284229128948767,0.945274332013109,-1
0.333059186794794,0.506232810845398,0.255683502352733,0.824643639799755,1
0.33185438490174,0.650173809247625,0.164164142538013,0.491616236755866,1
0.674746775170981,0.417033680452914,0.361607895157562,0.773948008604918,-1
0.653024269183043,0.531706997646372,0.423548067907343,0.750939906310943,-1
0.450862840158139,0.873326922285376,0.0617543738360562,0.0283379239630873,-1
0.217513635183101,0.0363895572260867,0.900295117809474,0.68646635436981,1
0.92049028944103,0.733564829539714,0.121253235277597,0.757959548844971,-1
0.502474316797969,0.655360022750489,0.0291401831199527,0.355123745953879,1
0.546544310737887,0.661092547343843,0.0172533735465556,0.346156939222743,1
0.403413845843073,0.595587602480103,0.204961695177438,0.614970144152476,1
0.41384584307275,0.899576047626353,0.0977777585737557,0.193158286254247,-1
0.548798083859983,0.514441696258517,0.279044042984363,0.726110295743782,-1
0.682192018007099,0.757336845689568,0.19267001680832,0.805534892136955,-1
0.468747294606528,0.322027936702751,0.374008892422429,0.787856712036832,1
0.512403615848556,0.60859429666189,0.0983351553149292,0.720133094754619,1
0.801351975297954,0.904608845001066,0.0450972851754071,0.304298437845554,-1
0.584155772948951,0.607202325938177,0.334209036740655,0.765498904280343,-1
0.601412576111736,0.611767391214869,0.312254518586373,0.76354872434106,-1
0.299620523475601,0.581649185959057,0.255164993756292,0.735991877601078,1
0.356404928866188,0.249477075514412,0.511366140524471,0.748730372544683,1
0.26535942054079,0.244444278139698,0.719767708148795,0.725202557349364,1
0.555385536605777,0.876810590951442,0.212921666313793,0.615362190635115,-1
0.299649381005974,0.661167384479526,0.217216213763811,0.665282776091196,1
0.377557498629267,0.959969616122912,0.313771156230961,0.252568407084984,-1
0.535035927625314,0.541927505266663,0.25809024642121,0.737941052292969,-1
0.385074885291317,0.249087922408858,0.475563121940259,0.79942600373952,1
0.799425735145586,0.933488495661317,0.0370604019305804,0.306117935623957,-1
0.867796438980752,0.809677938386586,0.123768001970333,0.710253523392107,-1
0.23894035148472,0.586603404341302,0.223843574598264,0.530348418745853,1
0.720449888898508,0.599535261387406,0.283524821438602,0.778887492711956,-1
0.863258592329669,0.52574472304647,0.234358107962132,0.816453889302157,-1
0.595633855654633,0.59388131578652,0.0873038849256589,0.795525643860954,1
0.835591435084985,0.820982087731574,0.119140312747102,0.635638030519311,-1
0.38742677401668,0.50414223546008,0.286895127315465,0.785126962745532,1
0.567963091218654,0.556795773198577,0.118621804150661,0.776287721908362,1
0.384259660058292,0.186449239841794,0.569901440157627,0.736901626490279,1
0.795645398666782,0.34819848305126,0.386561121361258,0.771607792677778,-1
0.289808963148934,0.581881181079675,0.257238596051557,0.737031303403768,1
0.3072966265547,0.302207321316984,0.48108091758738,0.820483926094212,1
0.791619773179811,0.911576182333197,0.0644203722027542,0.349021894288184,-1
0.383090930078204,0.289971449632737,0.451871599987901,0.812294175596614,1
0.545764435979569,0.551451279153742,0.399260261069078,0.67723516757474,-1
0.802931925085851,0.717923868181869,0.146651514693237,0.806314964112668,-1
0.791114766398292,0.568174759679248,0.303478760591618,0.872868372906572,-1
0.85583499264133,0.545411922304086,0.296111617617194,0.901988379340156,-1
0.443033792168066,0.591250790467246,0.123176037989397,0.654486419107742,1
0.367753152685193,0.574139279393221,0.227360791244118,0.669826494300247,1
0.890449600323204,0.712505659558386,0.100482645085187,0.729622630129275,-1
0.595200992699045,0.844600687753277,0.131731429830664,0.708043989625847,-1
0.591016650795025,0.754859736498445,0.292374034817852,0.852590522527594,-1
0.0704556604045826,0.863182748543482,0.206516788876262,0.142332978145922,1
0.327612327936975,0.932481936186374,0.308996556238739,0.434417660186172,-1
0.638314143075635,0.800001496742714,0.183081064498149,0.534640825107059,-1
0.682473378928231,0.872088367689815,0.0923377392161014,0.503699310400289,-1
0.516150116872998,0.530003330252538,0.182932857457666,0.825683065602445,1
0.561328023547745,0.374215613271618,0.295074600424313,0.940981925651903,1
0.653312844486769,0.546186112472731,0.425730124917363,0.925380486137638,-1
0.344465125674545,0.337900893181214,0.499704018009532,0.793835822996039,1
0.766355005338643,0.399533016273335,0.346761265679484,0.80722471300187,-1
0.358792889504516,0.458691772031117,0.278045913936215,0.82737288646736,1
0.820722592560529,0.31691656033557,0.393038157911793,0.711813667343533,-1
0.806488615704268,0.377699281937683,0.390782645517277,0.946440418987113,-1
0.0331212304850951,0.769879549630118,0.262310474305739,0.0252216570498,1
0.570582633538222,0.863104169551015,0.191485224665454,0.561681979935262,-1
0.570832972614204,0.770343539871355,0.26175523801705,0.765369227366855,-1
0.781945286122414,0.370574786620617,0.400111479348235,0.878458553650053,-1
0.402100828211122,0.456600074088764,0.330618364710305,0.832702708136472,1
0.376193980319164,0.257840125427039,0.461645487030804,0.788376625987655,1
0.584372204426745,0.65365747791369,0.0456503610116103,0.587808359637307,1
0.339703633163074,0.569181319154191,0.189893403274382,0.653320332133738,1
0.79019132542637,0.898876320407713,0.0485367255317954,0.333681819095679,-1
0.604442616800854,0.349901027888059,0.574935294448069,0.608214881682382,-1
0.357869448532595,0.920324643494595,0.339614488858547,0.296377088401456,-1
0.646617897440337,0.805576863351132,0.218105023916209,0.473290576810953,-1
0.792117565578738,0.608979707910659,0.291116651471484,0.873389091055309,-1
0.191837647534124,0.308942663528496,0.69803787705297,0.741581053097167,1
0.443014313335065,0.6277189266858,0.0695320027826628,0.436237157964575,1
0.811820044440597,0.869375521521289,0.0124053181698375,0.25620740264179,-1
0.800190459700459,0.423383611415657,0.323916641101312,0.886386939825891,-1
0.599298762011947,0.816027869349329,0.216883071990598,0.562586702587507,-1
0.322475687530661,0.257840125427039,0.551239451590741,0.853760630491164,1
0.42870025683202,0.601701796465442,0.116327403611412,0.637326846136834,1
0.52569402360546,0.864342724146576,0.0660493533765712,0.15390337562074,-1
0.769110899489222,0.570034462500982,0.283710620352327,0.976467158567723,-1
0.44766614723112,0.516840488387147,0.227693976226381,0.759389010635517,1
0.363467809424869,0.268137715297085,0.433875030786448,0.740410945133597,1
0.331075231581681,0.987767870172537,0.257164276486067,0.0124751201270633,-1
0.92479006146654,0.724120383016461,0.121287802517359,0.77693771487163,-1
0.842033878740657,0.402788431675566,0.341057671118639,0.904451235449044,-1
0.365329120133899,0.623228698544792,0.125621670202607,0.544130360481715,1
0.548798083859983,0.514441696258517,0.279044042984363,0.726110295743782,-1
0.301164401350532,0.684475410388143,0.200259686388717,0.354088341140755,1
0.448676882232419,0.641889338327465,0.0668660044159649,0.435201753151451,1
0.3952904510432,0.145644291610383,0.575747624582493,0.673988218500573,1
0.509437350301561,0.642585323689321,0.0338413277276793,0.353826976818995,1
0.62882722996566,0.672782107937601,0.0292136385044484,0.542049498381552,1
0.61714714454737,0.728453453172533,0.229471078022581,0.779927421138342,-1
0.426918304331515,0.640186793490666,0.167236305971923,0.585858179698024,1
0.818312988774421,0.822456379304539,0.105149222453151,0.638502985584752,-1
0.589263555824892,0.811769636328939,0.27260157367359,0.496682683608436,-1
0.695127405996595,0.647000714694646,0.258312340936686,0.864159914755021,-1
0.335223501572735,0.486023416539755,0.355610479058734,0.859220129073765,1
0.711518483248204,0.867130407450785,0.0826373075576949,0.676973803252981,-1
0.656227455054396,0.478203310046511,0.4505753284968,0.753149440077203,-1
0.810831674025337,0.52388651696745,0.266901435836722,0.880407728341945,-1
0.622370357544801,0.598143290663693,0.0906353026577887,0.770828725949456,1
0.263837185813638,0,1,0.578318824262651,1
0.16616887426774,0.2841640879037,0.717438740369783,0.674641629304972,1
0.224129224021008,0.2878049145547,0.661604006343089,0.680612798809787,1
0.870494618070586,0.329384427140436,0.37671377893386,0.758739620820684,-1
0.483299425735146,0.491056588100147,0.55661033646887,0.85532077444259,-1
0.885796323550631,0.909716479511463,0.0474651410991518,0.352399525523231,-1
0.575976105964852,0.493998810089543,0.536060112429947,0.714673596172018,-1
0.58075058436499,0.831747409699641,0.153128551243773,0.573373007097047,-1
0.580620725478314,0.549128708647805,0.123806890115066,0.825553388688956,1
0.322583903269558,0.298719910794134,0.485155530974407,0.78733669756127,1
0.32265604709549,0.451567276714051,0.290300000432091,0.815544140412956,1
0.240982021758578,0.00356224765853312,0.984967571608198,0.519431432075434,1
0.358569243644129,0.521718485146699,0.181931703776039,0.699204849313416,1
0.783222231841399,0.924276044258682,0.0520539421776497,0.277136653330385,-1
0.663578910916804,0.257914962562723,0.577601292814767,0.774467922555741,-1
0.926572013967045,0.702825476057729,0.128654945491784,0.826723496652526,-1
0.3569171500303,0.497250857820668,0.299002303042349,0.957880134301051,1
0.531520358987678,0.686488529338028,0.314255097587639,0.76354872434106,-1
0.335952154214642,0.461479455335326,0.274083644078416,0.798775608677295,1
0.666594522840735,0.739682765381838,0.248278767505066,0.868059269386196,-1
1,0.710645956736652,0.115515073476989,0.837511811656849,-1
0.735297088275185,0.623539272657878,0.25116686038724,0.862859124630572,-1
0.281346492367183,0.531164802598345,0.338689815194894,0.776157743420656,1
0.791230196519782,0.584747443376352,0.224361910358506,0.906401415388327,-1
0.451585721293972,0.520247561244841,0.224028682167193,0.747040551679768,1
0.38545003318616,0.619587871893791,0.131027122320499,0.588843764450431,1
0.204931751940669,0.209214696516705,0.74946096710495,0.621604776935604,1
0.709354168470262,0.594734459133311,0.304813920227452,0.821133315909045,-1
0.541468992583615,0.491675865397928,0.544464272597253,0.819313818130642,-1
0.853670677863388,0.776772049826565,0.139098572805088,0.747430587667625,-1
0.280935272559374,0.0275625170722215,0.902775317262447,0.716103057962565,1
0.439633653651921,0.516840488387147,0.214920949043568,0.814374032449386,1
0.758520185842496,0.845064677994514,0.0875977064636418,0.68984599609964,-1
0.378783943670101,0.211691805707828,0.531544766735945,0.660859687569111,1
0.249372348714397,0.53255864425045,0.326729550237002,0.736641267415911,1
0.524557758347041,0.346417359221993,0.316955663194099,0.927853394720441,1
0.374981964043517,0.279595280770224,0.469531138601669,0.802284927320614,1
0.407302398060774,0.463803148398298,0.324992546438926,0.780447335089165,1
0.42207745361152,0.468525371659925,0.323177766351385,0.860259554876455,1
0.556820477303552,0.696864698200541,0.000112343529228768,0.168982086491486,1
0.347596167719967,0.468446792667457,0.354940738788332,0.819184141217153,1
0.808140709318097,0.38629432697093,0.382784650417183,0.891976115321981,-1
0.289289527602228,0.513046432700835,0.255017218806307,0.777067693359336,1
0.761232793697515,0.770654113984442,0.196261120929167,0.735471159452341,-1
0.561067584336132,0.580100057250409,0.0872649967809258,0.767968797120971,1
0.577189565117017,0.725512353740173,0.321030276581127,0.770048653973743,-1
0.0370025683202032,0.874640314016621,0.214402440447127,0.0825408633064598,1
0.626468126857703,0.533410290854528,0.430396702285327,0.905758057057842,-1
0.665974085937726,0.566936205083687,0.27541880371425,0.868839341361909,-1
0.407461114477823,0.983199063039061,0.255239313321782,0.0237841532801223,-1
